{"Entities":[[44,46,{"props":{"mode":0},"rotation":{"w":1.0,"x":0.0,"y":0.0,"z":0.0},"size":{"x":0.10000000149011612,"y":0.10000000149011612,"z":1.0},"translation":{"x":0.2511935830116272,"y":0.7929835915565491,"z":0.0}},3,{"props":{"mode":0},"rotation":{"w":1.0,"x":0.0,"y":0.0,"z":0.0},"size":{"x":0.10000000149011612,"y":0.10000000149011612,"z":1.0},"translation":{"x":-0.23339660465717316,"y":-0.33921462297439575,"z":0.0}},4,{"props":{"mode":0},"rotation":{"w":1.0,"x":0.0,"y":0.0,"z":0.0},"size":{"x":0.10000000149011612,"y":0.10000000149011612,"z":1.0},"translation":{"x":-0.041167404502630234,"y":0.6493253111839294,"z":0.0}},5,{"props":{"mode":0},"rotation":{"w":1.0,"x":0.0,"y":0.0,"z":0.0},"size":{"x":0.10000000149011612,"y":0.10000000149011612,"z":1.0},"translation":{"x":-0.6115957498550415,"y":0.04413953423500061,"z":0.0}},6,{"props":{"mode":0},"rotation":{"w":1.0,"x":0.0,"y":0.0,"z":0.0},"size":{"x":0.10000000149011612,"y":0.10000000149011612,"z":1.0},"translation":{"x":-0.47742795944213867,"y":0.604163646697998,"z":0.0}},7,{"props":{"mode":0},"rotation":{"w":1.0,"x":0.0,"y":0.0,"z":0.0},"size":{"x":0.10000000149011612,"y":0.10000000149011612,"z":1.0},"translation":{"x":0.4377942681312561,"y":-0.5397002100944519,"z":0.0}},8,{"props":{"mode":0},"rotation":{"w":1.0,"x":0.0,"y":0.0,"z":0.0},"size":{"x":0.10000000149011612,"y":0.10000000149011612,"z":1.0},"translation":{"x":-0.5305843353271484,"y":-0.07147654891014099,"z":0.0}},9,{"props":{"mode":0},"rotation":{"w":1.0,"x":0.0,"y":0.0,"z":0.0},"size":{"x":0.10000000149011612,"y":0.10000000149011612,"z":1.0},"translation":{"x":0.1768055558204651,"y":-0.554797351360321,"z":0.0}},10,{"props":{"mode":0},"rotation":{"w":1.0,"x":0.0,"y":0.0,"z":0.0},"size":{"x":0.10000000149011612,"y":0.10000000149011612,"z":1.0},"translation":{"x":-0.2442065328359604,"y":0.5077931880950928,"z":0.0}},11,{"props":{"mode":0},"rotation":{"w":1.0,"x":0.0,"y":0.0,"z":0.0},"size":{"x":0.10000000149011612,"y":0.10000000149011612,"z":1.0},"translation":{"x":-0.6158503890037537,"y":0.16295835375785828,"z":0.0}},12,{"props":{"mode":0},"rotation":{"w":1.0,"x":0.0,"y":0.0,"z":0.0},"size":{"x":0.10000000149011612,"y":0.10000000149011612,"z":1.0},"translation":{"x":0.5927233099937439,"y":0.34240224957466125,"z":0.0}},13,{"props":{"mode":0},"rotation":{"w":1.0,"x":0.0,"y":0.0,"z":0.0},"size":{"x":0.10000000149011612,"y":0.10000000149011612,"z":1.0},"translation":{"x":0.0761900246143341,"y":0.15892888605594635,"z":0.0}},14,{"props":{"mode":0},"rotation":{"w":1.0,"x":0.0,"y":0.0,"z":0.0},"size":{"x":0.10000000149011612,"y":0.10000000149011612,"z":1.0},"translation":{"x":0.8239155411720276,"y":-0.14179979264736176,"z":0.0}},15,{"props":{"mode":0},"rotation":{"w":1.0,"x":0.0,"y":0.0,"z":0.0},"size":{"x":0.10000000149011612,"y":0.10000000149011612,"z":1.0},"translation":{"x":-0.5411131978034973,"y":0.46271175146102905,"z":0.0}},16,{"props":{"mode":0},"rotation":{"w":1.0,"x":0.0,"y":0.0,"z":0.0},"size":{"x":0.10000000149011612,"y":0.10000000149011612,"z":1.0},"translation":{"x":-0.41255760192871094,"y":-0.445902943611145,"z":0.0}},17,{"props":{"mode":0},"rotation":{"w":1.0,"x":0.0,"y":0.0,"z":0.0},"size":{"x":0.10000000149011612,"y":0.10000000149011612,"z":1.0},"translation":{"x":-0.2575182318687439,"y":0.0690620020031929,"z":0.0}},18,{"props":{"mode":0},"rotation":{"w":1.0,"x":0.0,"y":0.0,"z":0.0},"size":{"x":0.10000000149011612,"y":0.10000000149011612,"z":1.0},"translation":{"x":-0.14668048918247223,"y":0.218373641371727,"z":0.0}},19,{"props":{"mode":0},"rotation":{"w":1.0,"x":0.0,"y":0.0,"z":0.0},"size":{"x":0.10000000149011612,"y":0.10000000149011612,"z":1.0},"translation":{"x":0.1721871942281723,"y":-0.3508114814758301,"z":0.0}},20,{"props":{"mode":0},"rotation":{"w":1.0,"x":0.0,"y":0.0,"z":0.0},"size":{"x":0.10000000149011612,"y":0.10000000149011612,"z":1.0},"translation":{"x":-0.20479625463485718,"y":0.4840176999568939,"z":0.0}},21,{"props":{"mode":0},"rotation":{"w":1.0,"x":0.0,"y":0.0,"z":0.0},"size":{"x":0.10000000149011612,"y":0.10000000149011612,"z":1.0},"translation":{"x":-0.30641767382621765,"y":-0.772881031036377,"z":0.0}},22,{"props":{"mode":0},"rotation":{"w":1.0,"x":0.0,"y":0.0,"z":0.0},"size":{"x":0.10000000149011612,"y":0.10000000149011612,"z":1.0},"translation":{"x":0.05542543902993202,"y":-0.7019051313400269,"z":0.0}},23,{"props":{"mode":0},"rotation":{"w":1.0,"x":0.0,"y":0.0,"z":0.0},"size":{"x":0.10000000149011612,"y":0.10000000149011612,"z":1.0},"translation":{"x":-0.6250454783439636,"y":-0.013434242457151413,"z":0.0}},24,{"props":{"mode":0},"rotation":{"w":1.0,"x":0.0,"y":0.0,"z":0.0},"size":{"x":0.10000000149011612,"y":0.10000000149011612,"z":1.0},"translation":{"x":-0.23109684884548187,"y":-0.9031918048858643,"z":0.0}},25,{"props":{"mode":0},"rotation":{"w":1.0,"x":0.0,"y":0.0,"z":0.0},"size":{"x":0.10000000149011612,"y":0.10000000149011612,"z":1.0},"translation":{"x":0.5152416229248047,"y":0.32548320293426514,"z":0.0}},26,{"props":{"mode":0},"rotation":{"w":1.0,"x":0.0,"y":0.0,"z":0.0},"size":{"x":0.10000000149011612,"y":0.10000000149011612,"z":1.0},"translation":{"x":-0.7882770299911499,"y":0.9071443676948547,"z":0.0}},27,{"props":{"mode":0},"rotation":{"w":1.0,"x":0.0,"y":0.0,"z":0.0},"size":{"x":0.10000000149011612,"y":0.10000000149011612,"z":1.0},"translation":{"x":-0.13082757592201233,"y":-0.06246350333094597,"z":0.0}},28,{"props":{"mode":0},"rotation":{"w":1.0,"x":0.0,"y":0.0,"z":0.0},"size":{"x":0.10000000149011612,"y":0.10000000149011612,"z":1.0},"translation":{"x":0.37093839049339294,"y":0.04592785984277725,"z":0.0}},29,{"props":{"mode":0},"rotation":{"w":1.0,"x":0.0,"y":0.0,"z":0.0},"size":{"x":0.10000000149011612,"y":0.10000000149011612,"z":1.0},"translation":{"x":-0.26455646753311157,"y":-0.17114150524139404,"z":0.0}},30,{"props":{"mode":0},"rotation":{"w":1.0,"x":0.0,"y":0.0,"z":0.0},"size":{"x":0.10000000149011612,"y":0.10000000149011612,"z":1.0},"translation":{"x":0.19041821360588074,"y":-0.029375383630394936,"z":0.0}},31,{"props":{"mode":0},"rotation":{"w":1.0,"x":0.0,"y":0.0,"z":0.0},"size":{"x":0.10000000149011612,"y":0.10000000149011612,"z":1.0},"translation":{"x":-0.21897165477275848,"y":0.7927696108818054,"z":0.0}},32,{"props":{"mode":0},"rotation":{"w":1.0,"x":0.0,"y":0.0,"z":0.0},"size":{"x":0.10000000149011612,"y":0.10000000149011612,"z":1.0},"translation":{"x":-0.3675784468650818,"y":-0.44914963841438293,"z":0.0}},33,{"props":{"mode":0},"rotation":{"w":1.0,"x":0.0,"y":0.0,"z":0.0},"size":{"x":0.10000000149011612,"y":0.10000000149011612,"z":1.0},"translation":{"x":-0.11149269342422485,"y":0.016634341329336166,"z":0.0}},34,{"props":{"mode":0},"rotation":{"w":1.0,"x":0.0,"y":0.0,"z":0.0},"size":{"x":0.10000000149011612,"y":0.10000000149011612,"z":1.0},"translation":{"x":0.20941121876239777,"y":0.2326781302690506,"z":0.0}},35,{"props":{"mode":0},"rotation":{"w":1.0,"x":0.0,"y":0.0,"z":0.0},"size":{"x":0.10000000149011612,"y":0.10000000149011612,"z":1.0},"translation":{"x":-0.5881766080856323,"y":-0.518171489238739,"z":0.0}},36,{"props":{"mode":0},"rotation":{"w":1.0,"x":0.0,"y":0.0,"z":0.0},"size":{"x":0.10000000149011612,"y":0.10000000149011612,"z":1.0},"translation":{"x":-0.32424038648605347,"y":-0.032646968960762024,"z":0.0}},37,{"props":{"mode":0},"rotation":{"w":1.0,"x":0.0,"y":0.0,"z":0.0},"size":{"x":0.10000000149011612,"y":0.10000000149011612,"z":1.0},"translation":{"x":0.5629565119743347,"y":0.10780668258666992,"z":0.0}},38,{"props":{"mode":0},"rotation":{"w":1.0,"x":0.0,"y":0.0,"z":0.0},"size":{"x":0.10000000149011612,"y":0.10000000149011612,"z":1.0},"translation":{"x":0.3070540428161621,"y":0.29427507519721985,"z":0.0}},39,{"props":{"mode":0},"rotation":{"w":1.0,"x":0.0,"y":0.0,"z":0.0},"size":{"x":0.10000000149011612,"y":0.10000000149011612,"z":1.0},"translation":{"x":-0.6018773317337036,"y":-0.3097073435783386,"z":0.0}},40,{"props":{"mode":0},"rotation":{"w":1.0,"x":0.0,"y":0.0,"z":0.0},"size":{"x":0.10000000149011612,"y":0.10000000149011612,"z":1.0},