{"Entities":[[43,45,{"props":{"mode":0},"rotation":{"w":1.0,"x":0.0,"y":0.0,"z":0.0},"size":{"x":0.10000000149011612,"y":0.10000000149011612,"z":1.0},"translation":{"x":0.27853018045425415,"y":-0.09121935069561005,"z":0.0}},44,{"props":{"mode":0},"rotation":{"w":1.0,"x":0.0,"y":0.0,"z":0.0},"size":{"x":0.10000000149011612,"y":0.10000000149011612,"z":1.0},"translation":{"x":-0.6089892387390137,"y":-0.22145575284957886,"z":0.0}},43,{"props":{"mode":0},"rotation":{"w":1.0,"x":0.0,"y":0.0,"z":0.0},"size":{"x":0.10000000149011612,"y":0.10000000149011612,"z":1.0},"translation":{"x":0.2617570757865906,"y":0.4188182055950165,"z":0.0}},42,{"props":{"mode":0},"rotation":{"w":1.0,"x":0.0,"y":0.0,"z":0.0},"size":{"x":0.10000000149011612,"y":0.10000000149011612,"z":1.0},"translation":{"x":0.5019496083259583,"y":0.06369615346193314,"z":0.0}},41,{"props":{"mode":0},"rotation":{"w":1.0,"x":0.0,"y":0.0,"z":0.0},"size":{"x":0.10000000149011612,"y":0.10000000149011612,"z":1.0},"translation":{"x":0.2679765224456787,"y":-0.455350399017334,"z":0.0}},40,{"props":{"mode":0},"rotation":{"w":1.0,"x":0.0,"y":0.0,"z":0.0},"size":{"x":0.10000000149011612,"y":0.10000000149011612,"z":1.0},"translation":{"x":0.007363250479102135,"y":0.8310306072235107,"z":0.0}},39,{"props":{"mode":0},"rotation":{"w":1.0,"x":0.0,"y":0.0,"z":0.0},"size":{"x":0.10000000149011612,"y":0.10000000149011612,"z":1.0},"translation":{"x":0.26059338450431824,"y":-0.03623585030436516,"z":0.0}},38,{"props":{"mode":0},"rotation":{"w":1.0,"x":0.0,"y":0.0,"z":0.0},"size":{"x":0.10000000149011612,"y":0.10000000149011612,"z":1.0},"translation":{"x":0.049682434648275375,"y":-0.5731386542320251,"z":0.0}},37,{"props":{"mode":0},"rotation":{"w":1.0,"x":0.0,"y":0.0,"z":0.0},"size":{"x":0.10000000149011612,"y":0.10000000149011612,"z":1.0},"translation":{"x":0.11095353960990906,"y":0.8916042447090149,"z":0.0}},36,{"props":{"mode":0},"rotation":{"w":1.0,"x":0.0,"y":0.0,"z":0.0},"size":{"x":0.10000000149011612,"y":0.10000000149011612,"z":1.0},"translation":{"x":0.5781316757202148,"y":-0.0987413302063942,"z":0.0}},35,{"props":{"mode":0},"rotation":{"w":1.0,"x":0.0,"y":0.0,"z":0.0},"size":{"x":0.10000000149011612,"y":0.10000000149011612,"z":1.0},"translation":{"x":0.315834641456604,"y":-0.48065486550331116,"z":0.0}},34,{"props":{"mode":0},"rotation":{"w":1.0,"x":0.0,"y":0.0,"z":0.0},"size":{"x":0.10000000149011612,"y":0.10000000149011612,"z":1.0},"translation":{"x":-0.13350322842597961,"y":-0.604609489440918,"z":0.0}},33,{"props":{"mode":0},"rotation":{"w":1.0,"x":0.0,"y":0.0,"z":0.0},"size":{"x":0.10000000149011612,"y":0.10000000149011612,"z":1.0},"translation":{"x":-0.4794515073299408,"y":0.8432220220565796,"z":0.0}},32,{"props":{"mode":0},"rotation":{"w":1.0,"x":0.0,"y":0.0,"z":0.0},"size":{"x":0.10000000149011612,"y":0.10000000149011612,"z":1.0},"translation":{"x":0.48496854305267334,"y":-0.7521325349807739,"z":0.0}},31,{"props":{"mode":0},"rotation":{"w":1.0,"x":0.0,"y":0.0,"z":0.0},"size":{"x":0.10000000149011612,"y":0.10000000149011612,"z":1.0},"translation":{"x":-0.9481558203697205,"y":0.25712090730667114,"z":0.0}},30,{"props":{"mode":0},"rotation":{"w":1.0,"x":0.0,"y":0.0,"z":0.0},"size":{"x":0.10000000149011612,"y":0.10000000149011612,"z":1.0},"translation":{"x":0.3069103956222534,"y":0.8678768873214722,"z":0.0}},29,{"props":{"mode":0},"rotation":{"w":1.0,"x":0.0,"y":0.0,"z":0.0},"size":{"x":0.10000000149011612,"y":0.10000000149011612,"z":1.0},"translation":{"x":0.30282750725746155,"y":-0.8759183883666992,"z":0.0}},28,{"props":{"mode":0},"rotation":{"w":1.0,"x":0.0,"y":0.0,"z":0.0},"size":{"x":0.10000000149011612,"y":0.10000000149011612,"z":1.0},"translation":{"x":-0.5308080911636353,"y":-0.028154855594038963,"z":0.0}},27,{"props":{"mode":0},"rotation":{"w":1.0,"x":0.0,"y":0.0,"z":0.0},"size":{"x":0.10000000149011612,"y":0.10000000149011612,"z":1.0},"translation":{"x":0.43728142976760864,"y":0.6417290568351746,"z":0.0}},26,{"props":{"mode":0},"rotation":{"w":1.0,"x":0.0,"y":0.0,"z":0.0},"size":{"x":0.10000000149011612,"y":0.10000000149011612,"z":1.0},"translation":{"x":-0.5240245461463928,"y":0.0418088361620903,"z":0.0}},25,{"props":{"mode":0},"rotation":{"w":1.0,"x":0.0,"y":0.0,"z":0.0},"size":{"x":0.10000000149011612,"y":0.10000000149011612,"z":1.0},"translation":{"x":-0.3486354947090149,"y":0.5944652557373047,"z":0.0}},24,{"props":{"mode":0},"rotation":{"w":1.0,"x":0.0,"y":0.0,"z":0.0},"size":{"x":0.10000000149011612,"y":0.10000000149011612,"z":1.0},"translation":{"x":0.5587919354438782,"y":-0.461931437253952,"z":0.0}},23,{"props":{"mode":0},"rotation":{"w":1.0,"x":0.0,"y":0.0,"z":0.0},"size":{"x":0.10000000149011612,"y":0.10000000149011612,"z":1.0},"translation":{"x":-0.9938408732414246,"y":-0.8396454453468323,"z":0.0}},22,{"props":{"mode":0},"rotation":{"w":1.0,"x":0.0,"y":0.0,"z":0.0},"size":{"x":0.10000000149011612,"y":0.10000000149011612,"z":1.0},"translation":{"x":-0.2860582768917084,"y":0.13596700131893158,"z":0.0}},21,{"props":{"mode":0},"rotation":{"w":1.0,"x":0.0,"y":0.0,"z":0.0},"size":{"x":0.10000000149011612,"y":0.10000000149011612,"z":1.0},"translation":{"x":0.5357902646064758,"y":-1.1035269498825073,"z":0.0}},20,{"props":{"mode":0},"rotation":{"w":1.0,"x":0.0,"y":0.0,"z":0.0},"size":{"x":0.10000000149011612,"y":0.10000000149011612,"z":1.0},"translation":{"x":-1.0249959230422974,"y":0.10202382504940033,"z":0.0}},19,{"props":{"mode":0},"rotation":{"w":1.0,"x":0.0,"y":0.0,"z":0.0},"size":{"x":0.10000000149011612,"y":0.10000000149011612,"z":1.0},"translation":{"x":0.3181169331073761,"y":0.5421223044395447,"z":0.0}},18,{"props":{"mode":0},"rotation":{"w":1.0,"x":0.0,"y":0.0,"z":0.0},"size":{"x":0.10000000149011612,"y":0.10000000149011612,"z":1.0},"translation":{"x":0.13142792880535126,"y":-0.6426087617874146,"z":0.0}},17,{"props":{"mode":0},"rotation":{"w":1.0,"x":0.0,"y":0.0,"z":0.0},"size":{"x":0.10000000149011612,"y":0.10000000149011612,"z":1.0},"translation":{"x":-1.0728317499160767,"y":0.4613615572452545,"z":0.0}},16,{"props":{"mode":0},"rotation":{"w":1.0,"x":0.0,"y":0.0,"z":0.0},"size":{"x":0.10000000149011612,"y":0.10000000149011612,"z":1.0},"translation":{"x":0.28422418236732483,"y":0.13127385079860687,"z":0.0}},15,{"props":{"mode":0},"rotation":{"w":1.0,"x":0.0,"y":0.0,"z":0.0},"size":{"x":0.10000000149011612,"y":0.10000000149011612,"z":1.0},"translation":{"x":-0.6037319898605347,"y":-0.4399048984050751,"z":0.0}},14,{"props":{"mode":0},"rotation":{"w":1.0,"x":0.0,"y":0.0,"z":0.0},"size":{"x":0.10000000149011612,"y":0.10000000149011612,"z":1.0},"translation":{"x":0.3341774344444275,"y":0.6189817786216736,"z":0.0}},13,{"props":{"mode":0},"rotation":{"w":1.0,"x":0.0,"y":0.0,"z":0.0},"size":{"x":0.10000000149011612,"y":0.10000000149011612,"z":1.0},"translation":{"x":0.9808201193809509,"y":0.14195340871810913,"z":0.0}},12,{"props":{"mode":0},"rotation":{"w":1.0,"x":0.0,"y":0.0,"z":0.0},"size":{"x":0.10000000149011612,"y":0.10000000149011612,"z":1.0},"translation":{"x":-0.14456702768802643,"y":-0.1820467710494995,"z":0.0}},11,{"props":{"mode":0},"rotation":{"w":1.0,"x":0.0,"y":0.0,"z":0.0},"size":{"x":0.10000000149011612,"y":0.10000000149011612,"z":1.0},"translation":{"x":0.28509509563446045,"y":0.24634166061878204,"z":0.0}},10,{"props":{"mode":0},"rotation":{"w":1.0,"x":0.0,"y":0.0,"z":0.0},"size":{"x":0.10000000149011612,"y":0.10000000149011612,"z":1.0},"translation":{"x":-0.9160395860671997,"y":-0.09824653714895248,"z":0.0}},9,{"props":{"mode":0},"rotation":{"w":1.0,"x":0.0,"y":0.0,"z":0.0},"size":{"x":0.10000000149011612,"y":0.10000000149011612,"z":1.0},"translation":{"x":0.6313868165016174,"y":0.2275179922580719,"z":0.0}},8,{"props":{"mode":0},"rotation":{"w":1.0,"x":0.0,"y":0.0,"z":0.0},"size":{"x":0.10000000149011612,"y":0.10000000149011612,"z":1.0},"translation":{"x":-0.42748773097991943,"y":-0.9703795909881592,"z":0.0}},7,{"props":{"mode":0},"rotation":{"w":1.0,"x":0.0,"y":0.0,"z":0.0},"size":{"x":0.10000000149011612,"y":0.10000000149011612,"z":1.0},"translation":{"x":-0.18299034237861633,