{
  "Entities": [
    [
      10,
      9,
      {
        "props": {
          "mode": 0
        },
        "rotation": {
          "w": 1.0,
          "x": 0.0,
          "y": 0.0,
          "z": 0.0
        },
        "size": {
          "x": 0.10000000149011612,
          "y": 0.10000000149011612,
          "z": 1.0
        },
        "translation": {
          "x": -0.2799999713897705,
          "y": -0.1366666555404663,
          "z": 0.0
        }
      },
      8,
      {
        "props": {
          "mode": 0
        },
        "rotation": {
          "w": 1.0,
          "x": 0.0,
          "y": 0.0,
          "z": 0.0
        },
        "size": {
          "x": 0.10000000149011612,
          "y": 0.10000000149011612,
          "z": 1.0
        },
        "translation": {
          "x": 0.03750002384185791,
          "y": -0.3500000238418579,
          "z": 0.0
        }
      },
      7,
      {
        "props": {
          "mode": 0
        },
        "rotation": {
          "w": 1.0,
          "x": 0.0,
          "y": 0.0,
          "z": 0.0
        },
        "size": {
          "x": 0.10000000149011612,
          "y": 0.10000000149011612,
          "z": 1.0
        },
        "translation": {
          "x": 0.03250002861022949,
          "y": -0.23000001907348633,
          "z": 0.0
        }
      },
      6,
      {
        "props": {
          "mode": 0
        },
        "rotation": {
          "w": 1.0,
          "x": 0.0,
          "y": 0.0,
          "z": 0.0
        },
        "size": {
          "x": 0.10000000149011612,
          "y": 0.10000000149011612,
          "z": 1.0
        },
        "translation": {
          "x": -0.06749999523162842,
          "y": 0.12666666507720947,
          "z": 0.0
        }
      },
      5,
      {
        "props": {
          "mode": 0
        },
        "rotation": {
          "w": 1.0,
          "x": 0.0,
          "y": 0.0,
          "z": 0.0
        },
        "size": {
          "x": 0.10000000149011612,
          "y": 0.10000000149011612,
          "z": 1.0
        },
        "translation": {
          "x": 0.15999996662139893,
          "y": 0.3700000047683716,
          "z": 0.0
        }
      },
      4,
      {
        "props": {
          "mode": 0
        },
        "rotation": {
          "w": 1.0,
          "x": 0.0,
          "y": 0.0,
          "z": 0.0
        },
        "size": {
          "x": 0.10000000149011612,
          "y": 0.10000000149011612,
          "z": 1.0
        },
        "translation": {
          "x": 0.17250001430511475,
          "y": -0.06333339214324951,
          "z": 0.0
        }
      },
      3,
      {
        "props": {
          "mode": 0
        },
        "rotation": {
          "w": 1.0,
          "x": 0.0,
          "y": 0.0,
          "z": 0.0
        },
        "size": {
          "x": 0.10000000149011612,
          "y": 0.10000000149011612,
          "z": 1.0
        },
        "translation": {
          "x": -0.11250001192092896,
          "y": -0.21666669845581055,
          "z": 0.0
        }
      },
      2,
      {
        "props": {
          "mode": 0
        },
        "rotation": {
          "w": 1.0,
          "x": 0.0,
          "y": 0.0,
          "z": 0.0
        },
        "size": {
          "x": 0.10000000149011612,
          "y": 0.10000000149011612,
          "z": 1.0
        },
        "translation": {
          "x": -0.2250000238418579,
          "y": 0.043333351612091064,
          "z": 0.0
        }
      },
      1,
      {
        "props": {
          "mode": 0
        },
        "rotation": {
          "w": 1.0,
          "x": 0.0,
          "y": 0.0,
          "z": 0.0
        },
        "size": {
          "x": 0.10000000149011612,
          "y": 0.10000000149011612,
          "z": 1.0
        },
        "translation": {
          "x": -0.1575000286102295,
          "y": 0.25333333015441895,
          "z": 0.0
        }
      },
      0,
      {
        "props": {
          "mode": 0
        },
        "rotation": {
          "w": 1.0,
          "x": 0.0,
          "y": 0.0,
          "z": 0.0
        },
        "size": {
          "x": 0.10000000149011612,
          "y": 0.10000000149011612,
          "z": 1.0
        },
        "translation": {
          "x": 0.07749998569488525,
          "y": 0.029999971389770508,
          "z": 0.0
        }
      }
    ],
    [
      10,
      9,
      {
        "file_path": "TestScript.lua"
      },
      8,
      {
        "file_path": "TestScript.lua"
      },
      7,
      {
        "file_path": "TestScript.lua"
      },
      6,
      {
        "file_path": "TestScript.lua"
      },
      5,
      {
        "file_path": "TestScript.lua"
      },
      4,
      {
        "file_path": "TestScript.lua"
      },
      3,
      {
        "file_path": "TestScript.lua"
      },
      2,
      {
        "file_path": "TestScript.lua"
      },
      1,
      {
        "file_path": "TestScript.lua"
      },
      0,
      {
        "file_path": "TestScript.lua"
      }
    ],
    [
      10,
      9,
      [
        {
          "name": "position",
          "type": "vec3",
          "value": {
            "x": -0.2799999713897705,
            "y": -0.1366666555404663,
            "z": 1.0
          }
        }
      ],
      8,
      [
        {
          "name": "position",
          "type": "vec3",
          "value": {
            "x": 0.03750002384185791,
            "y": -0.3500000238418579,
            "z": 1.0
          }
        }
      ],
      7,
      [
        {
          "name": "position",
          "type": "vec3",
          "value": {
            "x": 0.03250002861022949,
            "y": -0.23000001907348633,
            "z": 1.0
          }
        }
      ],
      6,
      [
        {
          "name": "position",
          "type": "vec3",
          "value": {
            "x": -0.06749999523162842,
            "y": 0.12666666507720947,
            "z": 1.0
          }
        }
      ],
      5,
      [
        {
          "name": "position",
          "type": "vec3",
          "value": {
            "x": 0.15999996662139893,
            "y": 0.3700000047683716,
            "z": 1.0
          }
        }
      ],
      4,
      [
        {
          "name": "position",
          "type": "vec3",
          "value": {
            "x": 0.17250001430511475,
            "y": -0.06333339214324951,
            "z": 1.0
          }
        }
      ],
      3,
      [
        {
          "name": "position",
          "type": "vec3",
          "value": {
            "x": -0.11250001192092896,
            "y": -0.21666669845581055,
            "z": 1.0
          }
        }
      ],
      2,
      [
        {
          "name": "position",
          "type": "vec3",
          "value": {
            "x": -0.2250000238418579,
            "y": 0.043333351612091064,
            "z": 1.0
          }
        }
      ],
      1,
      [
        {
          "name": "position",
          "type": "vec3",
          "value": {
            "x": -0.1575000286102295,
            "y": 0.25333333015441895,
            "z": 1.0
          }
        }
      ],
      0,
      [
        {
          "name": "position",
          "type": "vec3",
          "value": {
            "x": 0.07749998569488525,
            "y": 0.029999971389770508,
            "z": 1.0
          }
        }
      ]
    ]
  ],
  "SceneGraph": [
    {
      "id": 9
    },
    {
      "id": 8
    },
    {
      "id": 7
    },
    {
      "id": 6
    },
    {
      "id": 5
    },
    {
      "id": 4
    },
    {
      "id": 3
    },
    {
      "id": 2
    },
    {
      "id": 1
    },
    {
      "id": 0
    }
  ]
}