{"Entities":[[44,46,{"props":{"mode":0},"rotation":{"w":1.0,"x":0.0,"y":0.0,"z":0.0},"size":{"x":0.10000000149011612,"y":0.10000000149011612,"z":1.0},"translation":{"x":0.4818941354751587,"y":-0.020874325186014175,"z":0.0}},3,{"props":{"mode":0},"rotation":{"w":1.0,"x":0.0,"y":0.0,"z":0.0},"size":{"x":0.10000000149011612,"y":0.10000000149011612,"z":1.0},"translation":{"x":-0.425840824842453,"y":0.48458436131477356,"z":0.0}},4,{"props":{"mode":0},"rotation":{"w":1.0,"x":0.0,"y":0.0,"z":0.0},"size":{"x":0.10000000149011612,"y":0.10000000149011612,"z":1.0},"translation":{"x":0.7369948029518127,"y":0.9811723232269287,"z":0.0}},5,{"props":{"mode":0},"rotation":{"w":1.0,"x":0.0,"y":0.0,"z":0.0},"size":{"x":0.10000000149011612,"y":0.10000000149011612,"z":1.0},"translation":{"x":0.23331208527088165,"y":0.0017540811095386744,"z":0.0}},6,{"props":{"mode":0},"rotation":{"w":1.0,"x":0.0,"y":0.0,"z":0.0},"size":{"x":0.10000000149011612,"y":0.10000000149011612,"z":1.0},"translation":{"x":0.36853647232055664,"y":0.6024049520492554,"z":0.0}},7,{"props":{"mode":0},"rotation":{"w":1.0,"x":0.0,"y":0.0,"z":0.0},"size":{"x":0.10000000149011612,"y":0.10000000149011612,"z":1.0},"translation":{"x":-0.3933277130126953,"y":-0.6975039839744568,"z":0.0}},8,{"props":{"mode":0},"rotation":{"w":1.0,"x":0.0,"y":0.0,"z":0.0},"size":{"x":0.10000000149011612,"y":0.10000000149011612,"z":1.0},"translation":{"x":0.2295803427696228,"y":-0.44271162152290344,"z":0.0}},9,{"props":{"mode":0},"rotation":{"w":1.0,"x":0.0,"y":0.0,"z":0.0},"size":{"x":0.10000000149011612,"y":0.10000000149011612,"z":1.0},"translation":{"x":-0.21077914535999298,"y":0.1971626728773117,"z":0.0}},10,{"props":{"mode":0},"rotation":{"w":1.0,"x":0.0,"y":0.0,"z":0.0},"size":{"x":0.10000000149011612,"y":0.10000000149011612,"z":1.0},"translation":{"x":-0.10484256595373154,"y":-0.32661476731300354,"z":0.0}},11,{"props":{"mode":0},"rotation":{"w":1.0,"x":0.0,"y":0.0,"z":0.0},"size":{"x":0.10000000149011612,"y":0.10000000149011612,"z":1.0},"translation":{"x":-0.228062242269516,"y":0.9148088693618774,"z":0.0}},12,{"props":{"mode":0},"rotation":{"w":1.0,"x":0.0,"y":0.0,"z":0.0},"size":{"x":0.10000000149011612,"y":0.10000000149011612,"z":1.0},"translation":{"x":0.6348514556884766,"y":-0.5025144219398499,"z":0.0}},13,{"props":{"mode":0},"rotation":{"w":1.0,"x":0.0,"y":0.0,"z":0.0},"size":{"x":0.10000000149011612,"y":0.10000000149011612,"z":1.0},"translation":{"x":0.5449009537696838,"y":0.8631795644760132,"z":0.0}},14,{"props":{"mode":0},"rotation":{"w":1.0,"x":0.0,"y":0.0,"z":0.0},"size":{"x":0.10000000149011612,"y":0.10000000149011612,"z":1.0},"translation":{"x":-0.022045478224754333,"y":-0.14476671814918518,"z":0.0}},15,{"props":{"mode":0},"rotation":{"w":1.0,"x":0.0,"y":0.0,"z":0.0},"size":{"x":0.10000000149011612,"y":0.10000000149011612,"z":1.0},"translation":{"x":0.1385832279920578,"y":-0.04094655439257622,"z":0.0}},16,{"props":{"mode":0},"rotation":{"w":1.0,"x":0.0,"y":0.0,"z":0.0},"size":{"x":0.10000000149011612,"y":0.10000000149011612,"z":1.0},"translation":{"x":-0.5166284441947937,"y":0.393637478351593,"z":0.0}},17,{"props":{"mode":0},"rotation":{"w":1.0,"x":0.0,"y":0.0,"z":0.0},"size":{"x":0.10000000149011612,"y":0.10000000149011612,"z":1.0},"translation":{"x":-0.9770045876502991,"y":-0.3759079575538635,"z":0.0}},18,{"props":{"mode":0},"rotation":{"w":1.0,"x":0.0,"y":0.0,"z":0.0},"size":{"x":0.10000000149011612,"y":0.10000000149011612,"z":1.0},"translation":{"x":0.671712338924408,"y":0.004149198066443205,"z":0.0}},19,{"props":{"mode":0},"rotation":{"w":1.0,"x":0.0,"y":0.0,"z":0.0},"size":{"x":0.10000000149011612,"y":0.10000000149011612,"z":1.0},"translation":{"x":-0.45795947313308716,"y":0.21361219882965088,"z":0.0}},20,{"props":{"mode":0},"rotation":{"w":1.0,"x":0.0,"y":0.0,"z":0.0},"size":{"x":0.10000000149011612,"y":0.10000000149011612,"z":1.0},"translation":{"x":-0.316655695438385,"y":-0.3545246422290802,"z":0.0}},21,{"props":{"mode":0},"rotation":{"w":1.0,"x":0.0,"y":0.0,"z":0.0},"size":{"x":0.10000000149011612,"y":0.10000000149011612,"z":1.0},"translation":{"x":0.3780338764190674,"y":-0.27569711208343506,"z":0.0}},22,{"props":{"mode":0},"rotation":{"w":1.0,"x":0.0,"y":0.0,"z":0.0},"size":{"x":0.10000000149011612,"y":0.10000000149011612,"z":1.0},"translation":{"x":-0.7766551375389099,"y":-0.5492365956306458,"z":0.0}},23,{"props":{"mode":0},"rotation":{"w":1.0,"x":0.0,"y":0.0,"z":0.0},"size":{"x":0.10000000149011612,"y":0.10000000149011612,"z":1.0},"translation":{"x":-0.15965822339057922,"y":-0.7198856472969055,"z":0.0}},24,{"props":{"mode":0},"rotation":{"w":1.0,"x":0.0,"y":0.0,"z":0.0},"size":{"x":0.10000000149011612,"y":0.10000000149011612,"z":1.0},"translation":{"x":-0.1812051385641098,"y":-0.05869394168257713,"z":0.0}},25,{"props":{"mode":0},"rotation":{"w":1.0,"x":0.0,"y":0.0,"z":0.0},"size":{"x":0.10000000149011612,"y":0.10000000149011612,"z":1.0},"translation":{"x":-0.13151296973228455,"y":-0.21982449293136597,"z":0.0}},26,{"props":{"mode":0},"rotation":{"w":1.0,"x":0.0,"y":0.0,"z":0.0},"size":{"x":0.10000000149011612,"y":0.10000000149011612,"z":1.0},"translation":{"x":0.026568405330181122,"y":0.6798220872879028,"z":0.0}},27,{"props":{"mode":0},"rotation":{"w":1.0,"x":0.0,"y":0.0,"z":0.0},"size":{"x":0.10000000149011612,"y":0.10000000149011612,"z":1.0},"translation":{"x":-0.39975157380104065,"y":0.7396183609962463,"z":0.0}},28,{"props":{"mode":0},"rotation":{"w":1.0,"x":0.0,"y":0.0,"z":0.0},"size":{"x":0.10000000149011612,"y":0.10000000149011612,"z":1.0},"translation":{"x":-0.02455095946788788,"y":-0.7018911838531494,"z":0.0}},29,{"props":{"mode":0},"rotation":{"w":1.0,"x":0.0,"y":0.0,"z":0.0},"size":{"x":0.10000000149011612,"y":0.10000000149011612,"z":1.0},"translation":{"x":0.5763415098190308,"y":-0.07878980785608292,"z":0.0}},30,{"props":{"mode":0},"rotation":{"w":1.0,"x":0.0,"y":0.0,"z":0.0},"size":{"x":0.10000000149011612,"y":0.10000000149011612,"z":1.0},"translation":{"x":-0.45794352889060974,"y":0.5140141248703003,"z":0.0}},31,{"props":{"mode":0},"rotation":{"w":1.0,"x":0.0,"y":0.0,"z":0.0},"size":{"x":0.10000000149011612,"y":0.10000000149011612,"z":1.0},"translation":{"x":-0.1639127880334854,"y":-0.05139687657356262,"z":0.0}},32,{"props":{"mode":0},"rotation":{"w":1.0,"x":0.0,"y":0.0,"z":0.0},"size":{"x":0.10000000149011612,"y":0.10000000149011612,"z":1.0},"translation":{"x":0.300271600484848,"y":0.07011445611715317,"z":0.0}},33,{"props":{"mode":0},"rotation":{"w":1.0,"x":0.0,"y":0.0,"z":0.0},"size":{"x":0.10000000149011612,"y":0.10000000149011612,"z":1.0},"translation":{"x":-0.9480016827583313,"y":0.14274805784225464,"z":0.0}},34,{"props":{"mode":0},"rotation":{"w":1.0,"x":0.0,"y":0.0,"z":0.0},"size":{"x":0.10000000149011612,"y":0.10000000149011612,"z":1.0},"translation":{"x":0.6965399384498596,"y":-0.4589708149433136,"z":0.0}},35,{"props":{"mode":0},"rotation":{"w":1.0,"x":0.0,"y":0.0,"z":0.0},"size":{"x":0.10000000149011612,"y":0.10000000149011612,"z":1.0},"translation":{"x":-0.16270992159843445,"y":0.21301962435245514,"z":0.0}},36,{"props":{"mode":0},"rotation":{"w":1.0,"x":0.0,"y":0.0,"z":0.0},"size":{"x":0.10000000149011612,"y":0.10000000149011612,"z":1.0},"translation":{"x":0.18203292787075043,"y":0.6451013684272766,"z":0.0}},37,{"props":{"mode":0},"rotation":{"w":1.0,"x":0.0,"y":0.0,"z":0.0},"size":{"x":0.10000000149011612,"y":0.10000000149011612,"z":1.0},"translation":{"x":-0.2821260988712311,"y":0.1461489349603653,"z":0.0}},38,{"props":{"mode":0},"rotation":{"w":1.0,"x":0.0,"y":0.0,"z":0.0},"size":{"x":0.10000000149011612,"y":0.10000000149011612,"z":1.0},"translation":{"x":0.8609873652458191,"y":-0.3450857996940613,"z":0.0}},39,{"props":{"mode":0},"rotation":{"w":1.0,"x":0.0,"y":0.0,"z":0.0},"size":{"x":0.10000000149011612,"y":0.10000000149011612,"z":1.0},"translation":{"x":-0.3832797110080719,"y":0.5075072050094604,"z":0.0}},40,{"props":{"mode":0},"rotation":{"w":1.0,"x":0.0,"y":0.0,"z":0.0},"size":{"x":0.10000000149011612,"y":0.10000000149011612,"z":1.0},