{"SceneGraph":[{"file_path":"ComplexEntity.lua","id":1,"transform":[1.0,0.0,0.0,0.0,0.0,1.0,0.0,0.0,0.0,0.0,1.0,0.0,0.372499942779541,-0.30666661262512207,0.0,1.0]},{"file_path":"ComplexEntity.lua","id":2,"transform":[1.0,0.0,0.0,0.0,0.0,1.0,0.0,0.0,0.0,0.0,1.0,0.0,0.372499942779541,-0.30666661262512207,0.0,1.0]}]}